acc,f1_macro,f1_weighted,acc_std,f1_macro_std,f1_weighted_std,model
0.9066666666666666,0.8059116809116809,0.89340930674264,0.05333333333333332,0.10560783200160727,0.061673512017697475,knn
0.9333333333333333,0.8572706552706553,0.923583665716999,0.04216370213557838,0.09428179331061573,0.05123330324732308,svm
0.9466666666666667,0.8943076923076922,0.941025641025641,0.04988876515698587,0.10597711040122806,0.05941477468072738,xgb
0.9200000000000002,0.8396039886039887,0.9113169990503323,0.04988876515698587,0.09661468563598358,0.05584253222231527,mlp
0.9200000000000002,0.8235783475783476,0.9056759734093067,0.04988876515698587,0.10907857162553505,0.061232511183555965,mogonet
0.8114285714285714,0.5864468864468865,0.7811721611721612,0.07652308352990732,0.11605380560107938,0.06700715868373874,birgat
