Accuracy,Macro F1,Weighted F1,acc_std,f1_macro_std,f1_weighted_std,model
0.9323809523809524,0.8859855072463768,0.9334989648033126,0.042206704392686346,0.06637269147392597,0.04229970792678059,XGBoost
0.96,0.9343333333333333,0.9589333333333332,0.053333333333333316,0.08513779680285628,0.05390625607890463,MOGONET
0.96,0.914962962962963,0.9558913580246913,0.03265986323710903,0.07339899791125121,0.03605274329000428,BiRGAT
0.9466666666666667,0.8943076923076922,0.9388923076923078,0.04988876515698587,0.10597711040122806,0.05965219905477923,BiRGAT 3L
0.9333333333333333,0.8766410256410258,0.926625641025641,0.059628479399994376,0.11395231825187668,0.06653941622752686,KNN
0.9057142857142859,0.8152561625170321,0.8981492971869784,0.03192962783664801,0.062410541098114905,0.03842446174956126,Linear SVM
0.9190476190476191,0.8522931995540691,0.913457939162287,0.04967011356344874,0.09669204552446099,0.05646861105579475,MLP
