Accuracy,Macro F1,Weighted F1,acc_std,f1_macro_std,f1_weighted_std,model
0.9333333333333333,0.8766410256410258,0.926625641025641,0.059628479399994376,0.11395231825187668,0.06653941622752686,Linear SVM
0.9190476190476191,0.8489484702093397,0.9160569894946707,0.02625533095636232,0.03803662237468665,0.024928718384817094,MLP
0.96,0.9419090909090908,0.9610545454545454,0.053333333333333316,0.07291362488736158,0.05032343653272113,MOGONET
0.9866666666666667,0.976,0.9856,0.02666666666666666,0.047999999999999994,0.028799999999999982,BiRGAT 3L
