Accuracy,Macro F1,Weighted F1,acc_std,f1_macro_std,f1_weighted_std,model
0.96,0.9280000000000002,0.9568000000000001,0.03265986323710903,0.05878775382679627,0.03527265229607774,XGBoost
0.9733333333333334,0.9583333333333333,0.9733333333333334,0.05333333333333332,0.08333333333333336,0.05333333333333332,MOGONET
0.9733333333333334,0.9583333333333333,0.9733333333333334,0.05333333333333332,0.08333333333333336,0.05333333333333332,BiRGAT 2L
0.8914285714285715,0.8135757575757575,0.8906251082251083,0.05441088326508838,0.09383540676579255,0.05784810666921426,BiRGAT 3L
