acc,f1_macro,f1_weighted,acc_std,f1_macro_std,f1_weighted_std,model
0.9076923076923077,0.7133809523809524,0.9108571428571428,0.08970695222838923,0.2412507281485375,0.07561635479142727,knn
0.9692307692307693,0.792,0.9544615384615384,0.03768445758127964,0.2547469332494505,0.05577299722029394,svm
0.9692307692307693,0.792,0.9544615384615384,0.03768445758127964,0.2547469332494505,0.05577299722029394,xgb
