Accuracy,Macro F1,Weighted F1,acc_std,f1_macro_std,f1_weighted_std,model
0.7036363636363637,0.7001431901431902,0.7011588411588413,0.1516411597235858,0.1508840043860488,0.1538000320086392,KNN
